<?xml version="1.0" encoding="UTF-8"?>
<metadata xml:lang="en"><Esri><CreaDate>20110711</CreaDate><CreaTime>15385700</CreaTime><ArcGISFormat>1.0</ArcGISFormat><SyncOnce>TRUE</SyncOnce><DataProperties><itemProps><itemLocation><linkage Sync="TRUE">file://\\SDNFILE\GIS\COUNTRY\ARG\Volcano_project\Shapefiles\Katie\New File Geodatabase.gdb</linkage><protocol Sync="TRUE">Local Area Network</protocol></itemLocation></itemProps><copyHistory><copy source="S:\COUNTRY\ARG\Volcano_project\Plume_digitized\plume" dest="\\SDNFILE\GIS\COUNTRY\ARG\Volcano_project\plume" date="20110623" time="10055000"></copy></copyHistory><lineage><Process ToolSource="C:\Program Files\ArcGIS\Desktop10.0\ArcToolbox\Toolboxes\Data Management Tools.tbx\CalculateField" Date="20110706" Time="120900">CalculateField Plume_MODISv2 date_time [Date] VB #</Process><Process ToolSource="C:\Program Files\ArcGIS\Desktop10.0\ArcToolbox\Toolboxes\Data Management Tools.tbx\ConvertTimeField" Date="20110706" Time="125143">ConvertTimeField Plume_MODISv2 text "yyyy/MM/dd HH:mm:ss" text_DATE</Process><Process ToolSource="C:\Program Files\ArcGIS\Desktop10.0\ArcToolbox\Toolboxes\Data Management Tools.tbx\CalculateField" Date="20110711" Time="154127">CalculateField Plume_upload Cloud_dens Opaque VB #</Process></lineage></DataProperties></Esri></metadata>
